{"--souper-infer-inst=false --souper-max-lhs-cands=150  --souper-enumerative-synthesis-ignore-cost=true --souper-enumerative-synthesis-max-instructions=1 --souper-crow-max-replacement-size=50 2000 1200 1000 --souper-enumerative-synthesis-max-verification-load=1  --solver-timeout=30 --souper-dataflow-pruning=true --souper-crow-prune-select=false --souper-crow-prune-unary-operator-on-constant=false --souper-crow-prune-binary-commutative=false --souper-crow-prune-2const-operation=false --souper-crow-prune-sub=false --souper-crow-prune-constant-select=true": {"X": [1.749812126159668, 1.8438632488250732, 2.0331802368164062, 2.1599276065826416, 2.3048579692840576, 2.4294450283050537, 2.5385451316833496, 2.6318891048431396, 2.729310989379883, 2.800830125808716, 2.9554831981658936, 2.997478723526001, 3.0398716926574707, 3.090669870376587, 3.144477605819702, 3.2143170833587646, 3.2748329639434814, 3.3249075412750244, 3.408128261566162, 3.4613730907440186, 3.535250186920166, 3.6307520866394043, 3.7257864475250244, 3.76684832572937, 3.8625848293304443, 3.9441707134246826, 4.009463310241699, 4.081461668014526, 4.145275115966797, 4.277638673782349, 4.4395530223846436, 4.475924253463745, 4.536478042602539, 5.129484176635742, 5.353654623031616, 5.510202646255493, 5.572024345397949, 5.654886722564697, 6.0223774909973145, 6.140483617782593, 6.349956274032593, 6.523698091506958, 6.5903401374816895, 6.6504902839660645, 6.746598958969116, 6.847870826721191, 7.108223915100098, 7.147141218185425, 7.199551582336426, 7.249953746795654, 7.363653898239136, 7.717076539993286, 7.780690670013428, 7.902702569961548, 8.015047311782837, 8.134913444519043, 8.285943508148193, 8.38664722442627, 8.477054119110107, 8.640812158584595, 9.025688648223877, 9.168708324432373, 9.346091985702515, 9.410945415496826, 9.533171892166138, 9.614368915557861, 10.239901065826416, 10.460461139678955, 10.635053396224976, 10.91573166847229, 11.321143627166748, 11.500541687011719, 11.633729696273804, 11.911985158920288, 12.03992247581482, 12.100532531738281, 12.17834186553955, 12.296727418899536, 12.349792242050171, 12.53150725364685, 12.699126243591309, 12.854227542877197, 13.157707929611206, 13.350671768188477, 13.80560040473938, 14.18587040901184, 14.494667768478394, 14.577524900436401, 14.732365608215332, 14.864837169647217], "Y": [2, 4, 96, 1728, 55296, 884736, 13271040, 13271040, 35389440, 70778880, 94371840, 188743680, 283115520, 530841600, 1061683200, 1327104000, 1769472000, 2654208000, 3538944000, 4246732800, 8493465600, 10616832000, 12740198400, 14863564800, 17836277760, 20808990720, 20808990720, 20808990720, 23781703680, 23781703680, 35672555520, 47563407360, 130459631616, 380507258880, 998831554560, 2378170368000, 2615987404800, 2989699891200, 9965666304000, 10871635968000, 21743271936000, 23917599129600, 26907299020800, 40360948531200, 45406067097600, 45406067097600, 45406067097600, 56056872960000, 70071091200000, 84085309440000, 84085309440000, 92493840384000, 184987680768000, 406972897689600, 443970433843200, 443970433843200, 443970433843200, 887940867686400, 1065529041223680, 1243117214760960, 1346710315991040, 1346710315991040, 1616052379189248, 1740364100665344, 2030424784109568, 2030424784109568, 2175455125831680, 2320485467553792, 2320485467553792, 2465515809275904, 2670975460048896, 5341950920097792, 5656183327162368, 5656183327162368, 6464209516756992, 7387668019150848, 7798094020214784, 8772855772741632, 9869462744334336, 10388908151930880, 20777816303861760, 21816707119054848, 21816707119054848, 22855597934247936, 23894488749441024, 24933379564634112, 24933379564634112, 25972270379827200, 51944540759654400, 51944540759654400]}, "--souper-infer-inst=false --souper-max-lhs-cands=150  --souper-enumerative-synthesis-ignore-cost=true --souper-enumerative-synthesis-max-instructions=1 --souper-crow-max-replacement-size=100 2000 1200 1000 --souper-enumerative-synthesis-max-verification-load=1  --solver-timeout=30 --souper-dataflow-pruning=true --souper-crow-prune-select=false --souper-crow-prune-unary-operator-on-constant=false --souper-crow-prune-binary-commutative=false --souper-crow-prune-2const-operation=false --souper-crow-prune-sub=false --souper-crow-prune-constant-select=true": {"X": [0.6053876876831055, 0.6651973724365234, 0.7754294872283936, 0.8095238208770752, 0.9441287517547607, 1.069788932800293, 1.1553730964660645, 1.2727339267730713, 1.4382812976837158, 1.5344600677490234, 1.6131706237792969, 1.876723289489746, 1.9762940406799316, 2.0478835105895996, 2.1291792392730713, 2.2583110332489014, 2.3705108165740967, 2.4591903686523438, 2.549941062927246, 2.7409987449645996, 2.887420177459717, 2.926900863647461, 3.0209057331085205, 3.0712976455688477, 3.162363290786743, 3.251291036605835, 3.3212337493896484, 3.4122016429901123, 3.5582547187805176, 3.6731808185577393, 3.7164175510406494, 3.760446548461914, 3.8280396461486816, 3.901336431503296, 3.984811782836914, 4.055417537689209, 4.233283519744873, 4.283212661743164, 4.333758115768433, 4.394879579544067, 4.517963886260986, 4.5939202308654785, 4.690614700317383, 4.941014289855957, 5.023425340652466, 5.107655763626099, 5.14816427230835, 5.413371324539185, 5.460525751113892, 5.6039512157440186, 5.7066638469696045, 5.821134567260742, 5.917234420776367, 6.6709980964660645, 6.785399675369263, 6.870600938796997, 7.0600128173828125, 7.124450922012329, 7.266965627670288, 8.071569919586182, 8.273353815078735, 8.520239114761353, 8.80677318572998, 8.914363622665405, 9.11414623260498, 9.29497480392456, 10.01952838897705, 10.346065759658813, 10.463964939117432, 10.83712124824524, 11.565555334091187, 11.654261112213135, 11.714886903762817, 12.343977689743042, 13.052719116210938, 13.108937978744507, 13.198764324188232, 13.396485090255737, 13.439431428909302, 13.519476652145386, 13.955785989761353, 14.639144659042358, 14.880663394927979, 15.03806734085083, 15.203131675720215, 15.83607816696167, 16.520897388458252, 16.57610511779785, 16.952993154525757, 17.07668423652649, 17.6238694190979, 17.72385859489441, 18.119817972183228, 18.413089275360107, 18.71692156791687, 18.78752899169922, 19.412167072296143, 19.51884150505066, 19.968556880950928, 20.498931407928467, 20.585550546646118, 20.627050399780273, 20.742826223373413, 20.841172218322754, 20.9506778717041, 21.069037199020386, 21.202760457992554, 21.989287614822388, 22.076747179031372, 22.215927124023438, 22.2625789642334, 22.30973505973816, 22.628992319107056, 22.703614711761475, 22.879607915878296, 23.03625774383545, 23.49562954902649, 23.62695860862732, 23.771461725234985, 23.882853269577026, 24.1048526763916, 24.35587501525879, 24.611716747283936, 24.85281205177307, 25.656216382980347, 26.06278419494629, 26.43891406059265, 26.9099178314209, 27.35771369934082],